{
	"IcoMoonType": "selection",
	"icons": [
		{
			"icon": {
				"paths": [
					"M768 256v512h-512v-51.2h460.8v-460.8z"
				],
				"attrs": [
					{}
				],
				"isMulticolor": false,
				"grid": 0,
				"tags": [
					"pigpen-a"
				]
			},
			"attrs": [
				{}
			],
			"properties": {
				"order": 31,
				"id": 25,
				"prevSize": 32,
				"code": 65,
				"name": "pigpen-a"
			},
			"setIdx": 1,
			"iconIdx": 0
		},
		{
			"icon": {
				"paths": [
					"M768 256v512h-512v-512h51.2v460.8h409.6v-460.8z"
				],
				"attrs": [
					{}
				],
				"isMulticolor": false,
				"grid": 0,
				"tags": [
					"pigpen-b"
				]
			},
			"attrs": [
				{}
			],
			"properties": {
				"order": 32,
				"id": 24,
				"prevSize": 32,
				"code": 66,
				"name": "pigpen-b"
			},
			"setIdx": 1,
			"iconIdx": 1
		},
		{
			"icon": {
				"paths": [
					"M256 256v512h512v-51.2h-460.8v-460.8h460.8z"
				],
				"attrs": [
					{}
				],
				"isMulticolor": false,
				"grid": 0,
				"tags": [
					"pigpen-c"
				]
			},
			"attrs": [
				{}
			],
			"properties": {
				"order": 33,
				"id": 23,
				"prevSize": 32,
				"code": 67,
				"name": "pigpen-c"
			},
			"setIdx": 1,
			"iconIdx": 2
		},
		{
			"icon": {
				"paths": [
					"M256 256h512v512h-512v-51.2h460.8v-409.6h-460.8z"
				],
				"attrs": [
					{}
				],
				"isMulticolor": false,
				"grid": 0,
				"tags": [
					"pigpen-d"
				]
			},
			"attrs": [
				{}
			],
			"properties": {
				"order": 34,
				"id": 22,
				"prevSize": 32,
				"code": 68,
				"name": "pigpen-d"
			},
			"setIdx": 1,
			"iconIdx": 3
		},
		{
			"icon": {
				"paths": [
					"M256 256h512v512h-512zM716.8 716.8v-409.6h-409.6v409.6z"
				],
				"attrs": [
					{}
				],
				"isMulticolor": false,
				"grid": 0,
				"tags": [
					"pigpen-e"
				]
			},
			"attrs": [
				{}
			],
			"properties": {
				"order": 35,
				"id": 21,
				"prevSize": 32,
				"code": 69,
				"name": "pigpen-e"
			},
			"setIdx": 1,
			"iconIdx": 4
		},
		{
			"icon": {
				"paths": [
					"M768 256h-512v512h512v-51.2h-460.8v-409.6h460.8z"
				],
				"attrs": [
					{}
				],
				"isMulticolor": false,
				"grid": 0,
				"tags": [
					"pigpen-f"
				]
			},
			"attrs": [
				{}
			],
			"properties": {
				"order": 36,
				"id": 20,
				"prevSize": 32,
				"code": 70,
				"name": "pigpen-f"
			},
			"setIdx": 1,
			"iconIdx": 5
		},
		{
			"icon": {
				"paths": [
					"M768 256v512h-51.2v-460.8h-460.8v-51.2z"
				],
				"attrs": [
					{}
				],
				"isMulticolor": false,
				"grid": 0,
				"tags": [
					"pigpen-g"
				]
			},
			"attrs": [
				{}
			],
			"properties": {
				"order": 37,
				"id": 19,
				"prevSize": 32,
				"code": 71,
				"name": "pigpen-g"
			},
			"setIdx": 1,
			"iconIdx": 6
		},
		{
			"icon": {
				"paths": [
					"M768 256v512h-51.2v-460.8h-409.6v460.8h-51.2v-512z"
				],
				"attrs": [
					{}
				],
				"isMulticolor": false,
				"grid": 0,
				"tags": [
					"pigpen-h"
				]
			},
			"attrs": [
				{}
			],
			"properties": {
				"order": 38,
				"id": 18,
				"prevSize": 32,
				"code": 72,
				"name": "pigpen-h"
			},
			"setIdx": 1,
			"iconIdx": 7
		},
		{
			"icon": {
				"paths": [
					"M768 256h-512v512h51.2v-460.8h460.8z"
				],
				"attrs": [
					{}
				],
				"isMulticolor": false,
				"grid": 0,
				"tags": [
					"pigpen-i"
				]
			},
			"attrs": [
				{}
			],
			"properties": {
				"order": 39,
				"id": 17,
				"prevSize": 32,
				"code": 73,
				"name": "pigpen-i"
			},
			"setIdx": 1,
			"iconIdx": 8
		},
		{
			"icon": {
				"paths": [
					"M768 256v512h-512v-51.2h460.8v-460.8zM601.6 640c0 21.208 17.192 38.4 38.4 38.4s38.4-17.192 38.4-38.4c0-21.208-17.192-38.4-38.4-38.4s-38.4 17.192-38.4 38.4z"
				],
				"attrs": [
					{}
				],
				"isMulticolor": false,
				"grid": 0,
				"tags": [
					"pigpen-j"
				]
			},
			"attrs": [
				{}
			],
			"properties": {
				"order": 40,
				"id": 16,
				"prevSize": 32,
				"code": 74,
				"name": "pigpen-j"
			},
			"setIdx": 1,
			"iconIdx": 9
		},
		{
			"icon": {
				"paths": [
					"M768 256v512h-512v-512h51.2v460.8h409.6v-460.8zM473.6 640c0 21.208 17.192 38.4 38.4 38.4s38.4-17.192 38.4-38.4c0-21.208-17.192-38.4-38.4-38.4s-38.4 17.192-38.4 38.4z"
				],
				"attrs": [
					{}
				],
				"isMulticolor": false,
				"grid": 0,
				"tags": [
					"pigpen-k"
				]
			},
			"attrs": [
				{}
			],
			"properties": {
				"order": 41,
				"id": 15,
				"prevSize": 32,
				"code": 75,
				"name": "pigpen-k"
			},
			"setIdx": 1,
			"iconIdx": 10
		},
		{
			"icon": {
				"paths": [
					"M256 256v512h512v-51.2h-460.8v-460.8h460.8zM345.6 640c0 21.208 17.192 38.4 38.4 38.4s38.4-17.192 38.4-38.4c0-21.208-17.192-38.4-38.4-38.4s-38.4 17.192-38.4 38.4z"
				],
				"attrs": [
					{}
				],
				"isMulticolor": false,
				"grid": 0,
				"tags": [
					"pigpen-l"
				]
			},
			"attrs": [
				{}
			],
			"properties": {
				"order": 42,
				"id": 14,
				"prevSize": 32,
				"code": 76,
				"name": "pigpen-l"
			},
			"setIdx": 1,
			"iconIdx": 11
		},
		{
			"icon": {
				"paths": [
					"M256 256h512v512h-512v-51.2h460.8v-409.6h-460.8zM601.6 512c0 21.208 17.192 38.4 38.4 38.4s38.4-17.192 38.4-38.4c0-21.208-17.192-38.4-38.4-38.4s-38.4 17.192-38.4 38.4z"
				],
				"attrs": [
					{}
				],
				"isMulticolor": false,
				"grid": 0,
				"tags": [
					"pigpen-m"
				]
			},
			"attrs": [
				{}
			],
			"properties": {
				"order": 43,
				"id": 13,
				"prevSize": 32,
				"code": 77,
				"name": "pigpen-m"
			},
			"setIdx": 1,
			"iconIdx": 12
		},
		{
			"icon": {
				"paths": [
					"M256 256h512v512h-512zM716.8 716.8v-409.6h-409.6v409.6zM473.6 512c0 21.208 17.192 38.4 38.4 38.4s38.4-17.192 38.4-38.4c0-21.208-17.192-38.4-38.4-38.4s-38.4 17.192-38.4 38.4z"
				],
				"attrs": [
					{}
				],
				"isMulticolor": false,
				"grid": 0,
				"tags": [
					"pigpen-n"
				]
			},
			"attrs": [
				{}
			],
			"properties": {
				"order": 44,
				"id": 12,
				"prevSize": 32,
				"code": 78,
				"name": "pigpen-n"
			},
			"setIdx": 1,
			"iconIdx": 13
		},
		{
			"icon": {
				"paths": [
					"M768 256h-512v512h512v-51.2h-460.8v-409.6h460.8zM345.6 512c0 21.208 17.192 38.4 38.4 38.4s38.4-17.192 38.4-38.4c0-21.208-17.192-38.4-38.4-38.4s-38.4 17.192-38.4 38.4z"
				],
				"attrs": [
					{}
				],
				"isMulticolor": false,
				"grid": 0,
				"tags": [
					"pigpen-o"
				]
			},
			"attrs": [
				{}
			],
			"properties": {
				"order": 45,
				"id": 11,
				"prevSize": 32,
				"code": 79,
				"name": "pigpen-o"
			},
			"setIdx": 1,
			"iconIdx": 14
		},
		{
			"icon": {
				"paths": [
					"M768 256v512h-51.2v-460.8h-460.8v-51.2zM601.6 384c0 21.208 17.192 38.4 38.4 38.4s38.4-17.192 38.4-38.4c0-21.208-17.192-38.4-38.4-38.4s-38.4 17.192-38.4 38.4z"
				],
				"attrs": [
					{}
				],
				"isMulticolor": false,
				"grid": 0,
				"tags": [
					"pigpen-p"
				]
			},
			"attrs": [
				{}
			],
			"properties": {
				"order": 46,
				"id": 10,
				"prevSize": 32,
				"code": 80,
				"name": "pigpen-p"
			},
			"setIdx": 1,
			"iconIdx": 15
		},
		{
			"icon": {
				"paths": [
					"M768 256v512h-51.2v-460.8h-409.6v460.8h-51.2v-512zM473.6 384c0 21.208 17.192 38.4 38.4 38.4s38.4-17.192 38.4-38.4c0-21.208-17.192-38.4-38.4-38.4s-38.4 17.192-38.4 38.4z"
				],
				"attrs": [
					{}
				],
				"isMulticolor": false,
				"grid": 0,
				"tags": [
					"pigpen-q"
				]
			},
			"attrs": [
				{}
			],
			"properties": {
				"order": 47,
				"id": 9,
				"prevSize": 32,
				"code": 81,
				"name": "pigpen-q"
			},
			"setIdx": 1,
			"iconIdx": 16
		},
		{
			"icon": {
				"paths": [
					"M768 256h-512v512h51.2v-460.8h460.8zM345.6 384c0 21.208 17.192 38.4 38.4 38.4s38.4-17.192 38.4-38.4c0-21.208-17.192-38.4-38.4-38.4s-38.4 17.192-38.4 38.4z"
				],
				"attrs": [
					{}
				],
				"isMulticolor": false,
				"grid": 0,
				"tags": [
					"pigpen-r"
				]
			},
			"attrs": [
				{}
			],
			"properties": {
				"order": 48,
				"id": 8,
				"prevSize": 32,
				"code": 82,
				"name": "pigpen-r"
			},
			"setIdx": 1,
			"iconIdx": 17
		},
		{
			"icon": {
				"paths": [
					"M149.962 352.877l362.038 362.038 362.038-362.038-36.203-36.203-325.835 325.835-325.835-325.835z"
				],
				"attrs": [
					{}
				],
				"isMulticolor": false,
				"grid": 0,
				"tags": [
					"pigpen-s"
				]
			},
			"attrs": [
				{}
			],
			"properties": {
				"order": 49,
				"id": 7,
				"prevSize": 32,
				"code": 83,
				"name": "pigpen-s"
			},
			"setIdx": 1,
			"iconIdx": 18
		},
		{
			"icon": {
				"paths": [
					"M352.877 149.962l362.038 362.038-362.038 362.038-36.203-36.203 325.835-325.835-325.835-325.835z"
				],
				"attrs": [
					{}
				],
				"isMulticolor": false,
				"grid": 0,
				"tags": [
					"pigpen-t"
				]
			},
			"attrs": [
				{}
			],
			"properties": {
				"order": 50,
				"id": 6,
				"prevSize": 32,
				"code": 84,
				"name": "pigpen-t"
			},
			"setIdx": 1,
			"iconIdx": 19
		},
		{
			"icon": {
				"paths": [
					"M671.123 149.962l-362.038 362.038 362.038 362.038 36.203-36.203-325.835-325.835 325.835-325.835z"
				],
				"attrs": [
					{}
				],
				"isMulticolor": false,
				"grid": 0,
				"tags": [
					"pigpen-u"
				]
			},
			"attrs": [
				{}
			],
			"properties": {
				"order": 51,
				"id": 5,
				"prevSize": 32,
				"code": 85,
				"name": "pigpen-u"
			},
			"setIdx": 1,
			"iconIdx": 20
		},
		{
			"icon": {
				"paths": [
					"M149.962 671.123l362.038-362.038 362.038 362.038-36.203 36.203-325.835-325.835-325.835 325.835z"
				],
				"attrs": [
					{}
				],
				"isMulticolor": false,
				"grid": 0,
				"tags": [
					"pigpen-v"
				]
			},
			"attrs": [
				{}
			],
			"properties": {
				"order": 52,
				"id": 4,
				"prevSize": 32,
				"code": 86,
				"name": "pigpen-v"
			},
			"setIdx": 1,
			"iconIdx": 21
		},
		{
			"icon": {
				"paths": [
					"M149.962 352.877l362.038 362.038 362.038-362.038-36.203-36.203-325.835 325.835-325.835-325.835zM539.154 506.744c14.995 14.995 14.995 39.31 0 54.306s-39.31 14.997-54.306 0c-14.997-14.997-14.997-39.31 0-54.306s39.31-14.995 54.306 0z"
				],
				"attrs": [
					{}
				],
				"isMulticolor": false,
				"grid": 0,
				"tags": [
					"pigpen-w"
				]
			},
			"attrs": [
				{}
			],
			"properties": {
				"order": 53,
				"id": 3,
				"prevSize": 32,
				"code": 87,
				"name": "pigpen-w"
			},
			"setIdx": 1,
			"iconIdx": 22
		},
		{
			"icon": {
				"paths": [
					"M349.677 149.962l362.038 362.038-362.038 362.038-36.205-36.203 325.835-325.835-325.835-325.835zM503.544 539.154c14.997 14.995 39.31 14.995 54.306 0s14.997-39.31 0-54.306c-14.995-14.997-39.31-14.997-54.306 0s-14.997 39.31 0 54.306z"
				],
				"attrs": [
					{}
				],
				"isMulticolor": false,
				"grid": 0,
				"tags": [
					"pigpen-x"
				]
			},
			"attrs": [
				{}
			],
			"properties": {
				"order": 54,
				"id": 2,
				"prevSize": 32,
				"code": 88,
				"name": "pigpen-x"
			},
			"setIdx": 1,
			"iconIdx": 23
		},
		{
			"icon": {
				"paths": [
					"M674.323 149.962l-362.038 362.038 362.038 362.038 36.203-36.203-325.835-325.835 325.835-325.835zM520.456 539.154c-14.997 14.995-39.31 14.995-54.306 0s-14.995-39.31 0-54.306c14.997-14.997 39.31-14.997 54.306 0s14.997 39.31 0 54.306z"
				],
				"attrs": [
					{}
				],
				"isMulticolor": false,
				"grid": 0,
				"tags": [
					"pigpen-y"
				]
			},
			"attrs": [
				{}
			],
			"properties": {
				"order": 55,
				"id": 1,
				"prevSize": 32,
				"code": 89,
				"name": "pigpen-y"
			},
			"setIdx": 1,
			"iconIdx": 24
		},
		{
			"icon": {
				"paths": [
					"M149.962 671.123l362.038-362.038 362.038 362.038-36.203 36.203-325.835-325.835-325.835 325.835zM539.154 517.256c14.995-14.995 14.995-39.31 0-54.306s-39.31-14.997-54.306 0c-14.997 14.997-14.997 39.31 0 54.306s39.31 14.995 54.306 0z"
				],
				"attrs": [
					{}
				],
				"isMulticolor": false,
				"grid": 0,
				"tags": [
					"pigpen-z"
				]
			},
			"attrs": [
				{}
			],
			"properties": {
				"order": 56,
				"id": 0,
				"prevSize": 32,
				"code": 90,
				"name": "pigpen-z"
			},
			"setIdx": 1,
			"iconIdx": 25
		},
		{
			"icon": {
				"paths": [
					"M304 256c0 44.183 35.817 80 80 80s80-35.817 80-80c0-44.183-35.817-80-80-80s-80 35.817-80 80z",
					"M560 256c0 44.183 35.817 80 80 80s80-35.817 80-80c0-44.183-35.817-80-80-80s-80 35.817-80 80zM563.2 256c0-42.415 34.385-76.8 76.8-76.8s76.8 34.385 76.8 76.8c0 0 0 0 0 0 0 42.415-34.385 76.8-76.8 76.8s-76.8-34.385-76.8-76.8c0-0 0-0 0-0z",
					"M304 512c0 44.183 35.817 80 80 80s80-35.817 80-80c0-44.183-35.817-80-80-80s-80 35.817-80 80zM307.2 512c0-0 0-0 0-0 0-42.415 34.385-76.8 76.8-76.8s76.8 34.385 76.8 76.8c0 0 0 0 0 0-0 42.415-34.385 76.8-76.8 76.8s-76.8-34.385-76.8-76.8c0-0 0-0 0-0z",
					"M560 512c0 44.183 35.817 80 80 80s80-35.817 80-80c0-44.183-35.817-80-80-80s-80 35.817-80 80zM563.2 512c0-42.415 34.385-76.8 76.8-76.8s76.8 34.385 76.8 76.8c0 0 0 0 0 0 0 42.415-34.385 76.8-76.8 76.8s-76.8-34.385-76.8-76.8c0-0 0-0 0-0z",
					"M304 768c0 44.183 35.817 80 80 80s80-35.817 80-80c0-44.183-35.817-80-80-80s-80 35.817-80 80zM307.2 768c0-0 0-0 0-0 0-42.415 34.385-76.8 76.8-76.8s76.8 34.385 76.8 76.8c0 0 0 0 0 0-0 42.415-34.385 76.8-76.8 76.8s-76.8-34.385-76.8-76.8c0-0 0-0 0-0z",
					"M560 768c0 44.183 35.817 80 80 80s80-35.817 80-80c0-44.183-35.817-80-80-80s-80 35.817-80 80zM563.2 768c0-42.415 34.385-76.8 76.8-76.8s76.8 34.385 76.8 76.8c0 0 0 0 0 0 0 42.415-34.385 76.8-76.8 76.8s-76.8-34.385-76.8-76.8c0-0 0-0 0-0z"
				],
				"attrs": [
					{},
					{},
					{},
					{},
					{},
					{}
				],
				"isMulticolor": false,
				"grid": 0,
				"tags": [
					"braille_a"
				]
			},
			"attrs": [
				{},
				{},
				{},
				{},
				{},
				{}
			],
			"properties": {
				"order": 5,
				"id": 25,
				"name": "braille_a",
				"prevSize": 32,
				"code": 97
			},
			"setIdx": 5,
			"iconIdx": 0
		},
		{
			"icon": {
				"paths": [
					"M304 256c0 44.183 35.817 80 80 80s80-35.817 80-80c0-44.183-35.817-80-80-80s-80 35.817-80 80z",
					"M560 256c0 44.183 35.817 80 80 80s80-35.817 80-80c0-44.183-35.817-80-80-80s-80 35.817-80 80zM563.2 256c0-42.415 34.385-76.8 76.8-76.8s76.8 34.385 76.8 76.8c0 0 0 0 0 0 0 42.415-34.385 76.8-76.8 76.8s-76.8-34.385-76.8-76.8c0-0 0-0 0-0z",
					"M304 512c0 44.183 35.817 80 80 80s80-35.817 80-80c0-44.183-35.817-80-80-80s-80 35.817-80 80z",
					"M560 512c0 44.183 35.817 80 80 80s80-35.817 80-80c0-44.183-35.817-80-80-80s-80 35.817-80 80zM563.2 512c0-42.415 34.385-76.8 76.8-76.8s76.8 34.385 76.8 76.8c0 0 0 0 0 0 0 42.415-34.385 76.8-76.8 76.8s-76.8-34.385-76.8-76.8c0-0 0-0 0-0z",
					"M304 768c0 44.183 35.817 80 80 80s80-35.817 80-80c0-44.183-35.817-80-80-80s-80 35.817-80 80zM307.2 768c0-0 0-0 0-0 0-42.415 34.385-76.8 76.8-76.8s76.8 34.385 76.8 76.8c0 0 0 0 0 0-0 42.415-34.385 76.8-76.8 76.8s-76.8-34.385-76.8-76.8c0-0 0-0 0-0z",
					"M560 768c0 44.183 35.817 80 80 80s80-35.817 80-80c0-44.183-35.817-80-80-80s-80 35.817-80 80zM563.2 768c0-42.415 34.385-76.8 76.8-76.8s76.8 34.385 76.8 76.8c0 0 0 0 0 0 0 42.415-34.385 76.8-76.8 76.8s-76.8-34.385-76.8-76.8c0-0 0-0 0-0z"
				],
				"attrs": [
					{},
					{},
					{},
					{},
					{},
					{}
				],
				"isMulticolor": false,
				"grid": 0,
				"tags": [
					"braille_b"
				]
			},
			"attrs": [
				{},
				{},
				{},
				{},
				{},
				{}
			],
			"properties": {
				"order": 6,
				"id": 24,
				"prevSize": 32,
				"code": 98,
				"name": "braille_b"
			},
			"setIdx": 5,
			"iconIdx": 1
		},
		{
			"icon": {
				"paths": [
					"M304 256c0 44.183 35.817 80 80 80s80-35.817 80-80c0-44.183-35.817-80-80-80s-80 35.817-80 80z",
					"M560 256c0 44.183 35.817 80 80 80s80-35.817 80-80c0-44.183-35.817-80-80-80s-80 35.817-80 80z",
					"M304 512c0 44.183 35.817 80 80 80s80-35.817 80-80c0-44.183-35.817-80-80-80s-80 35.817-80 80zM307.2 512c0-0 0-0 0-0 0-42.415 34.385-76.8 76.8-76.8s76.8 34.385 76.8 76.8c0 0 0 0 0 0-0 42.415-34.385 76.8-76.8 76.8s-76.8-34.385-76.8-76.8c0-0 0-0 0-0z",
					"M560 512c0 44.183 35.817 80 80 80s80-35.817 80-80c0-44.183-35.817-80-80-80s-80 35.817-80 80zM563.2 512c0-42.415 34.385-76.8 76.8-76.8s76.8 34.385 76.8 76.8c0 0 0 0 0 0 0 42.415-34.385 76.8-76.8 76.8s-76.8-34.385-76.8-76.8c0-0 0-0 0-0z",
					"M304 768c0 44.183 35.817 80 80 80s80-35.817 80-80c0-44.183-35.817-80-80-80s-80 35.817-80 80zM307.2 768c0-0 0-0 0-0 0-42.415 34.385-76.8 76.8-76.8s76.8 34.385 76.8 76.8c0 0 0 0 0 0-0 42.415-34.385 76.8-76.8 76.8s-76.8-34.385-76.8-76.8c0-0 0-0 0-0z",
					"M560 768c0 44.183 35.817 80 80 80s80-35.817 80-80c0-44.183-35.817-80-80-80s-80 35.817-80 80zM563.2 768c0-42.415 34.385-76.8 76.8-76.8s76.8 34.385 76.8 76.8c0 0 0 0 0 0 0 42.415-34.385 76.8-76.8 76.8s-76.8-34.385-76.8-76.8c0-0 0-0 0-0z"
				],
				"attrs": [
					{},
					{},
					{},
					{},
					{},
					{}
				],
				"isMulticolor": false,
				"grid": 0,
				"tags": [
					"braille_c"
				]
			},
			"attrs": [
				{},
				{},
				{},
				{},
				{},
				{}
			],
			"properties": {
				"order": 7,
				"id": 23,
				"prevSize": 32,
				"code": 99,
				"name": "braille_c"
			},
			"setIdx": 5,
			"iconIdx": 2
		},
		{
			"icon": {
				"paths": [
					"M304 256c0 44.183 35.817 80 80 80s80-35.817 80-80c0-44.183-35.817-80-80-80s-80 35.817-80 80z",
					"M560 256c0 44.183 35.817 80 80 80s80-35.817 80-80c0-44.183-35.817-80-80-80s-80 35.817-80 80z",
					"M304 512c0 44.183 35.817 80 80 80s80-35.817 80-80c0-44.183-35.817-80-80-80s-80 35.817-80 80zM307.2 512c0-0 0-0 0-0 0-42.415 34.385-76.8 76.8-76.8s76.8 34.385 76.8 76.8c0 0 0 0 0 0-0 42.415-34.385 76.8-76.8 76.8s-76.8-34.385-76.8-76.8c0-0 0-0 0-0z",
					"M560 512c0 44.183 35.817 80 80 80s80-35.817 80-80c0-44.183-35.817-80-80-80s-80 35.817-80 80z",
					"M304 768c0 44.183 35.817 80 80 80s80-35.817 80-80c0-44.183-35.817-80-80-80s-80 35.817-80 80zM307.2 768c0-0 0-0 0-0 0-42.415 34.385-76.8 76.8-76.8s76.8 34.385 76.8 76.8c0 0 0 0 0 0-0 42.415-34.385 76.8-76.8 76.8s-76.8-34.385-76.8-76.8c0-0 0-0 0-0z",
					"M560 768c0 44.183 35.817 80 80 80s80-35.817 80-80c0-44.183-35.817-80-80-80s-80 35.817-80 80zM563.2 768c0-42.415 34.385-76.8 76.8-76.8s76.8 34.385 76.8 76.8c0 0 0 0 0 0 0 42.415-34.385 76.8-76.8 76.8s-76.8-34.385-76.8-76.8c0-0 0-0 0-0z"
				],
				"attrs": [
					{},
					{},
					{},
					{},
					{},
					{}
				],
				"isMulticolor": false,
				"grid": 0,
				"tags": [
					"braille_d"
				]
			},
			"attrs": [
				{},
				{},
				{},
				{},
				{},
				{}
			],
			"properties": {
				"order": 8,
				"id": 22,
				"prevSize": 32,
				"code": 100,
				"name": "braille_d"
			},
			"setIdx": 5,
			"iconIdx": 3
		},
		{
			"icon": {
				"paths": [
					"M304 256c0 44.183 35.817 80 80 80s80-35.817 80-80c0-44.183-35.817-80-80-80s-80 35.817-80 80z",
					"M560 256c0 44.183 35.817 80 80 80s80-35.817 80-80c0-44.183-35.817-80-80-80s-80 35.817-80 80zM563.2 256c0-42.415 34.385-76.8 76.8-76.8s76.8 34.385 76.8 76.8c0 0 0 0 0 0 0 42.415-34.385 76.8-76.8 76.8s-76.8-34.385-76.8-76.8c0-0 0-0 0-0z",
					"M304 512c0 44.183 35.817 80 80 80s80-35.817 80-80c0-44.183-35.817-80-80-80s-80 35.817-80 80zM307.2 512c0-0 0-0 0-0 0-42.415 34.385-76.8 76.8-76.8s76.8 34.385 76.8 76.8c0 0 0 0 0 0-0 42.415-34.385 76.8-76.8 76.8s-76.8-34.385-76.8-76.8c0-0 0-0 0-0z",
					"M560 512c0 44.183 35.817 80 80 80s80-35.817 80-80c0-44.183-35.817-80-80-80s-80 35.817-80 80z",
					"M304 768c0 44.183 35.817 80 80 80s80-35.817 80-80c0-44.183-35.817-80-80-80s-80 35.817-80 80zM307.2 768c0-0 0-0 0-0 0-42.415 34.385-76.8 76.8-76.8s76.8 34.385 76.8 76.8c0 0 0 0 0 0-0 42.415-34.385 76.8-76.8 76.8s-76.8-34.385-76.8-76.8c0-0 0-0 0-0z",
					"M560 768c0 44.183 35.817 80 80 80s80-35.817 80-80c0-44.183-35.817-80-80-80s-80 35.817-80 80zM563.2 768c0-42.415 34.385-76.8 76.8-76.8s76.8 34.385 76.8 76.8c0 0 0 0 0 0 0 42.415-34.385 76.8-76.8 76.8s-76.8-34.385-76.8-76.8c0-0 0-0 0-0z"
				],
				"attrs": [
					{},
					{},
					{},
					{},
					{},
					{}
				],
				"isMulticolor": false,
				"grid": 0,
				"tags": [
					"braille_e"
				]
			},
			"attrs": [
				{},
				{},
				{},
				{},
				{},
				{}
			],
			"properties": {
				"order": 9,
				"id": 21,
				"prevSize": 32,
				"code": 101,
				"name": "braille_e"
			},
			"setIdx": 5,
			"iconIdx": 4
		},
		{
			"icon": {
				"paths": [
					"M304 256c0 44.183 35.817 80 80 80s80-35.817 80-80c0-44.183-35.817-80-80-80s-80 35.817-80 80z",
					"M560 256c0 44.183 35.817 80 80 80s80-35.817 80-80c0-44.183-35.817-80-80-80s-80 35.817-80 80z",
					"M304 512c0 44.183 35.817 80 80 80s80-35.817 80-80c0-44.183-35.817-80-80-80s-80 35.817-80 80z",
					"M560 512c0 44.183 35.817 80 80 80s80-35.817 80-80c0-44.183-35.817-80-80-80s-80 35.817-80 80zM563.2 512c0-42.415 34.385-76.8 76.8-76.8s76.8 34.385 76.8 76.8c0 0 0 0 0 0 0 42.415-34.385 76.8-76.8 76.8s-76.8-34.385-76.8-76.8c0-0 0-0 0-0z",
					"M304 768c0 44.183 35.817 80 80 80s80-35.817 80-80c0-44.183-35.817-80-80-80s-80 35.817-80 80zM307.2 768c0-0 0-0 0-0 0-42.415 34.385-76.8 76.8-76.8s76.8 34.385 76.8 76.8c0 0 0 0 0 0-0 42.415-34.385 76.8-76.8 76.8s-76.8-34.385-76.8-76.8c0-0 0-0 0-0z",
					"M560 768c0 44.183 35.817 80 80 80s80-35.817 80-80c0-44.183-35.817-80-80-80s-80 35.817-80 80zM563.2 768c0-42.415 34.385-76.8 76.8-76.8s76.8 34.385 76.8 76.8c0 0 0 0 0 0 0 42.415-34.385 76.8-76.8 76.8s-76.8-34.385-76.8-76.8c0-0 0-0 0-0z"
				],
				"attrs": [
					{},
					{},
					{},
					{},
					{},
					{}
				],
				"isMulticolor": false,
				"grid": 0,
				"tags": [
					"braille_f"
				]
			},
			"attrs": [
				{},
				{},
				{},
				{},
				{},
				{}
			],
			"properties": {
				"order": 10,
				"id": 20,
				"prevSize": 32,
				"code": 102,
				"name": "braille_f"
			},
			"setIdx": 5,
			"iconIdx": 5
		},
		{
			"icon": {
				"paths": [
					"M304 256c0 44.183 35.817 80 80 80s80-35.817 80-80c0-44.183-35.817-80-80-80s-80 35.817-80 80z",
					"M560 256c0 44.183 35.817 80 80 80s80-35.817 80-80c0-44.183-35.817-80-80-80s-80 35.817-80 80z",
					"M304 512c0 44.183 35.817 80 80 80s80-35.817 80-80c0-44.183-35.817-80-80-80s-80 35.817-80 80z",
					"M560 512c0 44.183 35.817 80 80 80s80-35.817 80-80c0-44.183-35.817-80-80-80s-80 35.817-80 80z",
					"M304 768c0 44.183 35.817 80 80 80s80-35.817 80-80c0-44.183-35.817-80-80-80s-80 35.817-80 80zM307.2 768c0-0 0-0 0-0 0-42.415 34.385-76.8 76.8-76.8s76.8 34.385 76.8 76.8c0 0 0 0 0 0-0 42.415-34.385 76.8-76.8 76.8s-76.8-34.385-76.8-76.8c0-0 0-0 0-0z",
					"M560 768c0 44.183 35.817 80 80 80s80-35.817 80-80c0-44.183-35.817-80-80-80s-80 35.817-80 80zM563.2 768c0-42.415 34.385-76.8 76.8-76.8s76.8 34.385 76.8 76.8c0 0 0 0 0 0 0 42.415-34.385 76.8-76.8 76.8s-76.8-34.385-76.8-76.8c0-0 0-0 0-0z"
				],
				"attrs": [
					{},
					{},
					{},
					{},
					{},
					{}
				],
				"isMulticolor": false,
				"grid": 0,
				"tags": [
					"braille_g"
				]
			},
			"attrs": [
				{},
				{},
				{},
				{},
				{},
				{}
			],
			"properties": {
				"order": 11,
				"id": 19,
				"prevSize": 32,
				"code": 103,
				"name": "braille_g"
			},
			"setIdx": 5,
			"iconIdx": 6
		},
		{
			"icon": {
				"paths": [
					"M304 256c0 44.183 35.817 80 80 80s80-35.817 80-80c0-44.183-35.817-80-80-80s-80 35.817-80 80z",
					"M560 256c0 44.183 35.817 80 80 80s80-35.817 80-80c0-44.183-35.817-80-80-80s-80 35.817-80 80zM563.2 256c0-42.415 34.385-76.8 76.8-76.8s76.8 34.385 76.8 76.8c0 0 0 0 0 0 0 42.415-34.385 76.8-76.8 76.8s-76.8-34.385-76.8-76.8c0-0 0-0 0-0z",
					"M304 512c0 44.183 35.817 80 80 80s80-35.817 80-80c0-44.183-35.817-80-80-80s-80 35.817-80 80z",
					"M560 512c0 44.183 35.817 80 80 80s80-35.817 80-80c0-44.183-35.817-80-80-80s-80 35.817-80 80z",
					"M304 768c0 44.183 35.817 80 80 80s80-35.817 80-80c0-44.183-35.817-80-80-80s-80 35.817-80 80zM307.2 768c0-0 0-0 0-0 0-42.415 34.385-76.8 76.8-76.8s76.8 34.385 76.8 76.8c0 0 0 0 0 0-0 42.415-34.385 76.8-76.8 76.8s-76.8-34.385-76.8-76.8c0-0 0-0 0-0z",
					"M560 768c0 44.183 35.817 80 80 80s80-35.817 80-80c0-44.183-35.817-80-80-80s-80 35.817-80 80zM563.2 768c0-42.415 34.385-76.8 76.8-76.8s76.8 34.385 76.8 76.8c0 0 0 0 0 0 0 42.415-34.385 76.8-76.8 76.8s-76.8-34.385-76.8-76.8c0-0 0-0 0-0z"
				],
				"attrs": [
					{},
					{},
					{},
					{},
					{},
					{}
				],
				"isMulticolor": false,
				"grid": 0,
				"tags": [
					"braille_h"
				]
			},
			"attrs": [
				{},
				{},
				{},
				{},
				{},
				{}
			],
			"properties": {
				"order": 12,
				"id": 18,
				"prevSize": 32,
				"code": 104,
				"name": "braille_h"
			},
			"setIdx": 5,
			"iconIdx": 7
		},
		{
			"icon": {
				"paths": [
					"M304 256c0 44.183 35.817 80 80 80s80-35.817 80-80c0-44.183-35.817-80-80-80s-80 35.817-80 80zM307.2 256c0-0 0-0 0-0 0-42.415 34.385-76.8 76.8-76.8s76.8 34.385 76.8 76.8c0 0 0 0 0 0-0 42.415-34.385 76.8-76.8 76.8s-76.8-34.385-76.8-76.8c0-0 0-0 0-0z",
					"M560 256c0 44.183 35.817 80 80 80s80-35.817 80-80c0-44.183-35.817-80-80-80s-80 35.817-80 80z",
					"M304 512c0 44.183 35.817 80 80 80s80-35.817 80-80c0-44.183-35.817-80-80-80s-80 35.817-80 80z",
					"M560 512c0 44.183 35.817 80 80 80s80-35.817 80-80c0-44.183-35.817-80-80-80s-80 35.817-80 80zM563.2 512c0-42.415 34.385-76.8 76.8-76.8s76.8 34.385 76.8 76.8c0 0 0 0 0 0 0 42.415-34.385 76.8-76.8 76.8s-76.8-34.385-76.8-76.8c0-0 0-0 0-0z",
					"M304 768c0 44.183 35.817 80 80 80s80-35.817 80-80c0-44.183-35.817-80-80-80s-80 35.817-80 80zM307.2 768c0-0 0-0 0-0 0-42.415 34.385-76.8 76.8-76.8s76.8 34.385 76.8 76.8c0 0 0 0 0 0-0 42.415-34.385 76.8-76.8 76.8s-76.8-34.385-76.8-76.8c0-0 0-0 0-0z",
					"M560 768c0 44.183 35.817 80 80 80s80-35.817 80-80c0-44.183-35.817-80-80-80s-80 35.817-80 80zM563.2 768c0-42.415 34.385-76.8 76.8-76.8s76.8 34.385 76.8 76.8c0 0 0 0 0 0 0 42.415-34.385 76.8-76.8 76.8s-76.8-34.385-76.8-76.8c0-0 0-0 0-0z"
				],
				"attrs": [
					{},
					{},
					{},
					{},
					{},
					{}
				],
				"isMulticolor": false,
				"grid": 0,
				"tags": [
					"braille_i"
				]
			},
			"attrs": [
				{},
				{},
				{},
				{},
				{},
				{}
			],
			"properties": {
				"order": 13,
				"id": 17,
				"prevSize": 32,
				"code": 105,
				"name": "braille_i"
			},
			"setIdx": 5,
			"iconIdx": 8
		},
		{
			"icon": {
				"paths": [
					"M304 256c0 44.183 35.817 80 80 80s80-35.817 80-80c0-44.183-35.817-80-80-80s-80 35.817-80 80zM307.2 256c0-0 0-0 0-0 0-42.415 34.385-76.8 76.8-76.8s76.8 34.385 76.8 76.8c0 0 0 0 0 0-0 42.415-34.385 76.8-76.8 76.8s-76.8-34.385-76.8-76.8c0-0 0-0 0-0z",
					"M560 256c0 44.183 35.817 80 80 80s80-35.817 80-80c0-44.183-35.817-80-80-80s-80 35.817-80 80z",
					"M304 512c0 44.183 35.817 80 80 80s80-35.817 80-80c0-44.183-35.817-80-80-80s-80 35.817-80 80z",
					"M560 512c0 44.183 35.817 80 80 80s80-35.817 80-80c0-44.183-35.817-80-80-80s-80 35.817-80 80z",
					"M304 768c0 44.183 35.817 80 80 80s80-35.817 80-80c0-44.183-35.817-80-80-80s-80 35.817-80 80zM307.2 768c0-0 0-0 0-0 0-42.415 34.385-76.8 76.8-76.8s76.8 34.385 76.8 76.8c0 0 0 0 0 0-0 42.415-34.385 76.8-76.8 76.8s-76.8-34.385-76.8-76.8c0-0 0-0 0-0z",
					"M560 768c0 44.183 35.817 80 80 80s80-35.817 80-80c0-44.183-35.817-80-80-80s-80 35.817-80 80zM563.2 768c0-42.415 34.385-76.8 76.8-76.8s76.8 34.385 76.8 76.8c0 0 0 0 0 0 0 42.415-34.385 76.8-76.8 76.8s-76.8-34.385-76.8-76.8c0-0 0-0 0-0z"
				],
				"attrs": [
					{},
					{},
					{},
					{},
					{},
					{}
				],
				"isMulticolor": false,
				"grid": 0,
				"tags": [
					"braille_j"
				]
			},
			"attrs": [
				{},
				{},
				{},
				{},
				{},
				{}
			],
			"properties": {
				"order": 14,
				"id": 16,
				"prevSize": 32,
				"code": 106,
				"name": "braille_j"
			},
			"setIdx": 5,
			"iconIdx": 9
		},
		{
			"icon": {
				"paths": [
					"M304 256c0 44.183 35.817 80 80 80s80-35.817 80-80c0-44.183-35.817-80-80-80s-80 35.817-80 80z",
					"M560 256c0 44.183 35.817 80 80 80s80-35.817 80-80c0-44.183-35.817-80-80-80s-80 35.817-80 80zM563.2 256c0-42.415 34.385-76.8 76.8-76.8s76.8 34.385 76.8 76.8c0 0 0 0 0 0 0 42.415-34.385 76.8-76.8 76.8s-76.8-34.385-76.8-76.8c0-0 0-0 0-0z",
					"M304 512c0 44.183 35.817 80 80 80s80-35.817 80-80c0-44.183-35.817-80-80-80s-80 35.817-80 80zM307.2 512c0-0 0-0 0-0 0-42.415 34.385-76.8 76.8-76.8s76.8 34.385 76.8 76.8c0 0 0 0 0 0-0 42.415-34.385 76.8-76.8 76.8s-76.8-34.385-76.8-76.8c0-0 0-0 0-0z",
					"M560 512c0 44.183 35.817 80 80 80s80-35.817 80-80c0-44.183-35.817-80-80-80s-80 35.817-80 80zM563.2 512c0-42.415 34.385-76.8 76.8-76.8s76.8 34.385 76.8 76.8c0 0 0 0 0 0 0 42.415-34.385 76.8-76.8 76.8s-76.8-34.385-76.8-76.8c0-0 0-0 0-0z",
					"M304 768c0 44.183 35.817 80 80 80s80-35.817 80-80c0-44.183-35.817-80-80-80s-80 35.817-80 80z",
					"M560 768c0 44.183 35.817 80 80 80s80-35.817 80-80c0-44.183-35.817-80-80-80s-80 35.817-80 80zM563.2 768c0-42.415 34.385-76.8 76.8-76.8s76.8 34.385 76.8 76.8c0 0 0 0 0 0 0 42.415-34.385 76.8-76.8 76.8s-76.8-34.385-76.8-76.8c0-0 0-0 0-0z"
				],
				"attrs": [
					{},
					{},
					{},
					{},
					{},
					{}
				],
				"isMulticolor": false,
				"grid": 0,
				"tags": [
					"braille_k"
				]
			},
			"attrs": [
				{},
				{},
				{},
				{},
				{},
				{}
			],
			"properties": {
				"order": 15,
				"id": 15,
				"prevSize": 32,
				"code": 107,
				"name": "braille_k"
			},
			"setIdx": 5,
			"iconIdx": 10
		},
		{
			"icon": {
				"paths": [
					"M304 256c0 44.183 35.817 80 80 80s80-35.817 80-80c0-44.183-35.817-80-80-80s-80 35.817-80 80z",
					"M560 256c0 44.183 35.817 80 80 80s80-35.817 80-80c0-44.183-35.817-80-80-80s-80 35.817-80 80zM563.2 256c0-42.415 34.385-76.8 76.8-76.8s76.8 34.385 76.8 76.8c0 0 0 0 0 0 0 42.415-34.385 76.8-76.8 76.8s-76.8-34.385-76.8-76.8c0-0 0-0 0-0z",
					"M304 512c0 44.183 35.817 80 80 80s80-35.817 80-80c0-44.183-35.817-80-80-80s-80 35.817-80 80z",
					"M560 512c0 44.183 35.817 80 80 80s80-35.817 80-80c0-44.183-35.817-80-80-80s-80 35.817-80 80zM563.2 512c0-42.415 34.385-76.8 76.8-76.8s76.8 34.385 76.8 76.8c0 0 0 0 0 0 0 42.415-34.385 76.8-76.8 76.8s-76.8-34.385-76.8-76.8c0-0 0-0 0-0z",
					"M304 768c0 44.183 35.817 80 80 80s80-35.817 80-80c0-44.183-35.817-80-80-80s-80 35.817-80 80z",
					"M560 768c0 44.183 35.817 80 80 80s80-35.817 80-80c0-44.183-35.817-80-80-80s-80 35.817-80 80zM563.2 768c0-42.415 34.385-76.8 76.8-76.8s76.8 34.385 76.8 76.8c0 0 0 0 0 0 0 42.415-34.385 76.8-76.8 76.8s-76.8-34.385-76.8-76.8c0-0 0-0 0-0z"
				],
				"attrs": [
					{},
					{},
					{},
					{},
					{},
					{}
				],
				"isMulticolor": false,
				"grid": 0,
				"tags": [
					"braille_l"
				]
			},
			"attrs": [
				{},
				{},
				{},
				{},
				{},
				{}
			],
			"properties": {
				"order": 16,
				"id": 14,
				"prevSize": 32,
				"code": 108,
				"name": "braille_l"
			},
			"setIdx": 5,
			"iconIdx": 11
		},
		{
			"icon": {
				"paths": [
					"M304 256c0 44.183 35.817 80 80 80s80-35.817 80-80c0-44.183-35.817-80-80-80s-80 35.817-80 80z",
					"M560 256c0 44.183 35.817 80 80 80s80-35.817 80-80c0-44.183-35.817-80-80-80s-80 35.817-80 80z",
					"M304 512c0 44.183 35.817 80 80 80s80-35.817 80-80c0-44.183-35.817-80-80-80s-80 35.817-80 80zM307.2 512c0-0 0-0 0-0 0-42.415 34.385-76.8 76.8-76.8s76.8 34.385 76.8 76.8c0 0 0 0 0 0-0 42.415-34.385 76.8-76.8 76.8s-76.8-34.385-76.8-76.8c0-0 0-0 0-0z",
					"M560 512c0 44.183 35.817 80 80 80s80-35.817 80-80c0-44.183-35.817-80-80-80s-80 35.817-80 80zM563.2 512c0-42.415 34.385-76.8 76.8-76.8s76.8 34.385 76.8 76.8c0 0 0 0 0 0 0 42.415-34.385 76.8-76.8 76.8s-76.8-34.385-76.8-76.8c0-0 0-0 0-0z",
					"M304 768c0 44.183 35.817 80 80 80s80-35.817 80-80c0-44.183-35.817-80-80-80s-80 35.817-80 80z",
					"M560 768c0 44.183 35.817 80 80 80s80-35.817 80-80c0-44.183-35.817-80-80-80s-80 35.817-80 80zM563.2 768c0-42.415 34.385-76.8 76.8-76.8s76.8 34.385 76.8 76.8c0 0 0 0 0 0 0 42.415-34.385 76.8-76.8 76.8s-76.8-34.385-76.8-76.8c0-0 0-0 0-0z"
				],
				"attrs": [
					{},
					{},
					{},
					{},
					{},
					{}
				],
				"isMulticolor": false,
				"grid": 0,
				"tags": [
					"braille_m"
				]
			},
			"attrs": [
				{},
				{},
				{},
				{},
				{},
				{}
			],
			"properties": {
				"order": 17,
				"id": 13,
				"name": "braille_m",
				"prevSize": 32,
				"code": 109
			},
			"setIdx": 5,
			"iconIdx": 12
		},
		{
			"icon": {
				"paths": [
					"M304 256c0 44.183 35.817 80 80 80s80-35.817 80-80c0-44.183-35.817-80-80-80s-80 35.817-80 80z",
					"M560 256c0 44.183 35.817 80 80 80s80-35.817 80-80c0-44.183-35.817-80-80-80s-80 35.817-80 80z",
					"M304 512c0 44.183 35.817 80 80 80s80-35.817 80-80c0-44.183-35.817-80-80-80s-80 35.817-80 80zM307.2 512c0-0 0-0 0-0 0-42.415 34.385-76.8 76.8-76.8s76.8 34.385 76.8 76.8c0 0 0 0 0 0-0 42.415-34.385 76.8-76.8 76.8s-76.8-34.385-76.8-76.8c0-0 0-0 0-0z",
					"M560 512c0 44.183 35.817 80 80 80s80-35.817 80-80c0-44.183-35.817-80-80-80s-80 35.817-80 80z",
					"M304 768c0 44.183 35.817 80 80 80s80-35.817 80-80c0-44.183-35.817-80-80-80s-80 35.817-80 80z",
					"M560 768c0 44.183 35.817 80 80 80s80-35.817 80-80c0-44.183-35.817-80-80-80s-80 35.817-80 80zM563.2 768c0-42.415 34.385-76.8 76.8-76.8s76.8 34.385 76.8 76.8c0 0 0 0 0 0 0 42.415-34.385 76.8-76.8 76.8s-76.8-34.385-76.8-76.8c0-0 0-0 0-0z"
				],
				"attrs": [
					{},
					{},
					{},
					{},
					{},
					{}
				],
				"isMulticolor": false,
				"grid": 0,
				"tags": [
					"braille_n"
				]
			},
			"attrs": [
				{},
				{},
				{},
				{},
				{},
				{}
			],
			"properties": {
				"order": 18,
				"id": 12,
				"prevSize": 32,
				"code": 110,
				"name": "braille_n"
			},
			"setIdx": 5,
			"iconIdx": 13
		},
		{
			"icon": {
				"paths": [
					"M304 256c0 44.183 35.817 80 80 80s80-35.817 80-80c0-44.183-35.817-80-80-80s-80 35.817-80 80z",
					"M560 256c0 44.183 35.817 80 80 80s80-35.817 80-80c0-44.183-35.817-80-80-80s-80 35.817-80 80zM563.2 256c0-42.415 34.385-76.8 76.8-76.8s76.8 34.385 76.8 76.8c0 0 0 0 0 0 0 42.415-34.385 76.8-76.8 76.8s-76.8-34.385-76.8-76.8c0-0 0-0 0-0z",
					"M304 512c0 44.183 35.817 80 80 80s80-35.817 80-80c0-44.183-35.817-80-80-80s-80 35.817-80 80zM307.2 512c0-0 0-0 0-0 0-42.415 34.385-76.8 76.8-76.8s76.8 34.385 76.8 76.8c0 0 0 0 0 0-0 42.415-34.385 76.8-76.8 76.8s-76.8-34.385-76.8-76.8c0-0 0-0 0-0z",
					"M560 512c0 44.183 35.817 80 80 80s80-35.817 80-80c0-44.183-35.817-80-80-80s-80 35.817-80 80z",
					"M304 768c0 44.183 35.817 80 80 80s80-35.817 80-80c0-44.183-35.817-80-80-80s-80 35.817-80 80z",
					"M560 768c0 44.183 35.817 80 80 80s80-35.817 80-80c0-44.183-35.817-80-80-80s-80 35.817-80 80zM563.2 768c0-42.415 34.385-76.8 76.8-76.8s76.8 34.385 76.8 76.8c0 0 0 0 0 0 0 42.415-34.385 76.8-76.8 76.8s-76.8-34.385-76.8-76.8c0-0 0-0 0-0z"
				],
				"attrs": [
					{},
					{},
					{},
					{},
					{},
					{}
				],
				"isMulticolor": false,
				"grid": 0,
				"tags": [
					"braille_o"
				]
			},
			"attrs": [
				{},
				{},
				{},
				{},
				{},
				{}
			],
			"properties": {
				"order": 19,
				"id": 11,
				"prevSize": 32,
				"code": 111,
				"name": "braille_o"
			},
			"setIdx": 5,
			"iconIdx": 14
		},
		{
			"icon": {
				"paths": [
					"M304 256c0 44.183 35.817 80 80 80s80-35.817 80-80c0-44.183-35.817-80-80-80s-80 35.817-80 80z",
					"M560 256c0 44.183 35.817 80 80 80s80-35.817 80-80c0-44.183-35.817-80-80-80s-80 35.817-80 80z",
					"M304 512c0 44.183 35.817 80 80 80s80-35.817 80-80c0-44.183-35.817-80-80-80s-80 35.817-80 80z",
					"M560 512c0 44.183 35.817 80 80 80s80-35.817 80-80c0-44.183-35.817-80-80-80s-80 35.817-80 80zM563.2 512c0-42.415 34.385-76.8 76.8-76.8s76.8 34.385 76.8 76.8c0 0 0 0 0 0 0 42.415-34.385 76.8-76.8 76.8s-76.8-34.385-76.8-76.8c0-0 0-0 0-0z",
					"M304 768c0 44.183 35.817 80 80 80s80-35.817 80-80c0-44.183-35.817-80-80-80s-80 35.817-80 80z",
					"M560 768c0 44.183 35.817 80 80 80s80-35.817 80-80c0-44.183-35.817-80-80-80s-80 35.817-80 80zM563.2 768c0-42.415 34.385-76.8 76.8-76.8s76.8 34.385 76.8 76.8c0 0 0 0 0 0 0 42.415-34.385 76.8-76.8 76.8s-76.8-34.385-76.8-76.8c0-0 0-0 0-0z"
				],
				"attrs": [
					{},
					{},
					{},
					{},
					{},
					{}
				],
				"isMulticolor": false,
				"grid": 0,
				"tags": [
					"braille_p"
				]
			},
			"attrs": [
				{},
				{},
				{},
				{},
				{},
				{}
			],
			"properties": {
				"order": 20,
				"id": 10,
				"prevSize": 32,
				"code": 112,
				"name": "braille_p"
			},
			"setIdx": 5,
			"iconIdx": 15
		},
		{
			"icon": {
				"paths": [
					"M304 256c0 44.183 35.817 80 80 80s80-35.817 80-80c0-44.183-35.817-80-80-80s-80 35.817-80 80z",
					"M560 256c0 44.183 35.817 80 80 80s80-35.817 80-80c0-44.183-35.817-80-80-80s-80 35.817-80 80z",
					"M304 512c0 44.183 35.817 80 80 80s80-35.817 80-80c0-44.183-35.817-80-80-80s-80 35.817-80 80z",
					"M560 512c0 44.183 35.817 80 80 80s80-35.817 80-80c0-44.183-35.817-80-80-80s-80 35.817-80 80z",
					"M304 768c0 44.183 35.817 80 80 80s80-35.817 80-80c0-44.183-35.817-80-80-80s-80 35.817-80 80z",
					"M560 768c0 44.183 35.817 80 80 80s80-35.817 80-80c0-44.183-35.817-80-80-80s-80 35.817-80 80zM563.2 768c0-42.415 34.385-76.8 76.8-76.8s76.8 34.385 76.8 76.8c0 0 0 0 0 0 0 42.415-34.385 76.8-76.8 76.8s-76.8-34.385-76.8-76.8c0-0 0-0 0-0z"
				],
				"attrs": [
					{},
					{},
					{},
					{},
					{},
					{}
				],
				"isMulticolor": false,
				"grid": 0,
				"tags": [
					"braille_q"
				]
			},
			"attrs": [
				{},
				{},
				{},
				{},
				{},
				{}
			],
			"properties": {
				"order": 21,
				"id": 9,
				"prevSize": 32,
				"code": 113,
				"name": "braille_q"
			},
			"setIdx": 5,
			"iconIdx": 16
		},
		{
			"icon": {
				"paths": [
					"M304 256c0 44.183 35.817 80 80 80s80-35.817 80-80c0-44.183-35.817-80-80-80s-80 35.817-80 80z",
					"M560 256c0 44.183 35.817 80 80 80s80-35.817 80-80c0-44.183-35.817-80-80-80s-80 35.817-80 80zM563.2 256c0-42.415 34.385-76.8 76.8-76.8s76.8 34.385 76.8 76.8c0 0 0 0 0 0 0 42.415-34.385 76.8-76.8 76.8s-76.8-34.385-76.8-76.8c0-0 0-0 0-0z",
					"M304 512c0 44.183 35.817 80 80 80s80-35.817 80-80c0-44.183-35.817-80-80-80s-80 35.817-80 80z",
					"M560 512c0 44.183 35.817 80 80 80s80-35.817 80-80c0-44.183-35.817-80-80-80s-80 35.817-80 80z",
					"M304 768c0 44.183 35.817 80 80 80s80-35.817 80-80c0-44.183-35.817-80-80-80s-80 35.817-80 80z",
					"M560 768c0 44.183 35.817 80 80 80s80-35.817 80-80c0-44.183-35.817-80-80-80s-80 35.817-80 80zM563.2 768c0-42.415 34.385-76.8 76.8-76.8s76.8 34.385 76.8 76.8c0 0 0 0 0 0 0 42.415-34.385 76.8-76.8 76.8s-76.8-34.385-76.8-76.8c0-0 0-0 0-0z"
				],
				"attrs": [
					{},
					{},
					{},
					{},
					{},
					{}
				],
				"isMulticolor": false,
				"grid": 0,
				"tags": [
					"braille_r"
				]
			},
			"attrs": [
				{},
				{},
				{},
				{},
				{},
				{}
			],
			"properties": {
				"order": 22,
				"id": 8,
				"prevSize": 32,
				"code": 114,
				"name": "braille_r"
			},
			"setIdx": 5,
			"iconIdx": 17
		},
		{
			"icon": {
				"paths": [
					"M304 256c0 44.183 35.817 80 80 80s80-35.817 80-80c0-44.183-35.817-80-80-80s-80 35.817-80 80zM307.2 256c0-0 0-0 0-0 0-42.415 34.385-76.8 76.8-76.8s76.8 34.385 76.8 76.8c0 0 0 0 0 0-0 42.415-34.385 76.8-76.8 76.8s-76.8-34.385-76.8-76.8c0-0 0-0 0-0z",
					"M560 256c0 44.183 35.817 80 80 80s80-35.817 80-80c0-44.183-35.817-80-80-80s-80 35.817-80 80z",
					"M304 512c0 44.183 35.817 80 80 80s80-35.817 80-80c0-44.183-35.817-80-80-80s-80 35.817-80 80z",
					"M560 512c0 44.183 35.817 80 80 80s80-35.817 80-80c0-44.183-35.817-80-80-80s-80 35.817-80 80zM563.2 512c0-42.415 34.385-76.8 76.8-76.8s76.8 34.385 76.8 76.8c0 0 0 0 0 0 0 42.415-34.385 76.8-76.8 76.8s-76.8-34.385-76.8-76.8c0-0 0-0 0-0z",
					"M304 768c0 44.183 35.817 80 80 80s80-35.817 80-80c0-44.183-35.817-80-80-80s-80 35.817-80 80z",
					"M560 768c0 44.183 35.817 80 80 80s80-35.817 80-80c0-44.183-35.817-80-80-80s-80 35.817-80 80zM563.2 768c0-42.415 34.385-76.8 76.8-76.8s76.8 34.385 76.8 76.8c0 0 0 0 0 0 0 42.415-34.385 76.8-76.8 76.8s-76.8-34.385-76.8-76.8c0-0 0-0 0-0z"
				],
				"attrs": [
					{},
					{},
					{},
					{},
					{},
					{}
				],
				"isMulticolor": false,
				"grid": 0,
				"tags": [
					"braille_s"
				]
			},
			"attrs": [
				{},
				{},
				{},
				{},
				{},
				{}
			],
			"properties": {
				"order": 23,
				"id": 7,
				"prevSize": 32,
				"code": 115,
				"name": "braille_s"
			},
			"setIdx": 5,
			"iconIdx": 18
		},
		{
			"icon": {
				"paths": [
					"M304 256c0 44.183 35.817 80 80 80s80-35.817 80-80c0-44.183-35.817-80-80-80s-80 35.817-80 80zM307.2 256c0-0 0-0 0-0 0-42.415 34.385-76.8 76.8-76.8s76.8 34.385 76.8 76.8c0 0 0 0 0 0-0 42.415-34.385 76.8-76.8 76.8s-76.8-34.385-76.8-76.8c0-0 0-0 0-0z",
					"M560 256c0 44.183 35.817 80 80 80s80-35.817 80-80c0-44.183-35.817-80-80-80s-80 35.817-80 80z",
					"M304 512c0 44.183 35.817 80 80 80s80-35.817 80-80c0-44.183-35.817-80-80-80s-80 35.817-80 80z",
					"M560 512c0 44.183 35.817 80 80 80s80-35.817 80-80c0-44.183-35.817-80-80-80s-80 35.817-80 80z",
					"M304 768c0 44.183 35.817 80 80 80s80-35.817 80-80c0-44.183-35.817-80-80-80s-80 35.817-80 80z",
					"M560 768c0 44.183 35.817 80 80 80s80-35.817 80-80c0-44.183-35.817-80-80-80s-80 35.817-80 80zM563.2 768c0-42.415 34.385-76.8 76.8-76.8s76.8 34.385 76.8 76.8c0 0 0 0 0 0 0 42.415-34.385 76.8-76.8 76.8s-76.8-34.385-76.8-76.8c0-0 0-0 0-0z"
				],
				"attrs": [
					{},
					{},
					{},
					{},
					{},
					{}
				],
				"isMulticolor": false,
				"grid": 0,
				"tags": [
					"braille_t"
				]
			},
			"attrs": [
				{},
				{},
				{},
				{},
				{},
				{}
			],
			"properties": {
				"order": 24,
				"id": 6,
				"prevSize": 32,
				"code": 116,
				"name": "braille_t"
			},
			"setIdx": 5,
			"iconIdx": 19
		},
		{
			"icon": {
				"paths": [
					"M304 256c0 44.183 35.817 80 80 80s80-35.817 80-80c0-44.183-35.817-80-80-80s-80 35.817-80 80z",
					"M560 256c0 44.183 35.817 80 80 80s80-35.817 80-80c0-44.183-35.817-80-80-80s-80 35.817-80 80zM563.2 256c0-42.415 34.385-76.8 76.8-76.8s76.8 34.385 76.8 76.8c0 0 0 0 0 0 0 42.415-34.385 76.8-76.8 76.8s-76.8-34.385-76.8-76.8c0-0 0-0 0-0z",
					"M304 512c0 44.183 35.817 80 80 80s80-35.817 80-80c0-44.183-35.817-80-80-80s-80 35.817-80 80zM307.2 512c0-0 0-0 0-0 0-42.415 34.385-76.8 76.8-76.8s76.8 34.385 76.8 76.8c0 0 0 0 0 0-0 42.415-34.385 76.8-76.8 76.8s-76.8-34.385-76.8-76.8c0-0 0-0 0-0z",
					"M560 512c0 44.183 35.817 80 80 80s80-35.817 80-80c0-44.183-35.817-80-80-80s-80 35.817-80 80zM563.2 512c0-42.415 34.385-76.8 76.8-76.8s76.8 34.385 76.8 76.8c0 0 0 0 0 0 0 42.415-34.385 76.8-76.8 76.8s-76.8-34.385-76.8-76.8c0-0 0-0 0-0z",
					"M304 768c0 44.183 35.817 80 80 80s80-35.817 80-80c0-44.183-35.817-80-80-80s-80 35.817-80 80z",
					"M560 768c0 44.183 35.817 80 80 80s80-35.817 80-80c0-44.183-35.817-80-80-80s-80 35.817-80 80z"
				],
				"attrs": [
					{},
					{},
					{},
					{},
					{},
					{}
				],
				"isMulticolor": false,
				"grid": 0,
				"tags": [
					"braille_u"
				]
			},
			"attrs": [
				{},
				{},
				{},
				{},
				{},
				{}
			],
			"properties": {
				"order": 25,
				"id": 5,
				"prevSize": 32,
				"code": 117,
				"name": "braille_u"
			},
			"setIdx": 5,
			"iconIdx": 20
		},
		{
			"icon": {
				"paths": [
					"M304 256c0 44.183 35.817 80 80 80s80-35.817 80-80c0-44.183-35.817-80-80-80s-80 35.817-80 80z",
					"M560 256c0 44.183 35.817 80 80 80s80-35.817 80-80c0-44.183-35.817-80-80-80s-80 35.817-80 80zM563.2 256c0-42.415 34.385-76.8 76.8-76.8s76.8 34.385 76.8 76.8c0 0 0 0 0 0 0 42.415-34.385 76.8-76.8 76.8s-76.8-34.385-76.8-76.8c0-0 0-0 0-0z",
					"M304 512c0 44.183 35.817 80 80 80s80-35.817 80-80c0-44.183-35.817-80-80-80s-80 35.817-80 80z",
					"M560 512c0 44.183 35.817 80 80 80s80-35.817 80-80c0-44.183-35.817-80-80-80s-80 35.817-80 80zM563.2 512c0-42.415 34.385-76.8 76.8-76.8s76.8 34.385 76.8 76.8c0 0 0 0 0 0 0 42.415-34.385 76.8-76.8 76.8s-76.8-34.385-76.8-76.8c0-0 0-0 0-0z",
					"M304 768c0 44.183 35.817 80 80 80s80-35.817 80-80c0-44.183-35.817-80-80-80s-80 35.817-80 80z",
					"M560 768c0 44.183 35.817 80 80 80s80-35.817 80-80c0-44.183-35.817-80-80-80s-80 35.817-80 80z"
				],
				"attrs": [
					{},
					{},
					{},
					{},
					{},
					{}
				],
				"isMulticolor": false,
				"grid": 0,
				"tags": [
					"braille_v"
				]
			},
			"attrs": [
				{},
				{},
				{},
				{},
				{},
				{}
			],
			"properties": {
				"order": 26,
				"id": 4,
				"prevSize": 32,
				"code": 118,
				"name": "braille_v"
			},
			"setIdx": 5,
			"iconIdx": 21
		},
		{
			"icon": {
				"paths": [
					"M304 256c0 44.183 35.817 80 80 80s80-35.817 80-80c0-44.183-35.817-80-80-80s-80 35.817-80 80zM307.2 256c0-0 0-0 0-0 0-42.415 34.385-76.8 76.8-76.8s76.8 34.385 76.8 76.8c0 0 0 0 0 0-0 42.415-34.385 76.8-76.8 76.8s-76.8-34.385-76.8-76.8c0-0 0-0 0-0z",
					"M560 256c0 44.183 35.817 80 80 80s80-35.817 80-80c0-44.183-35.817-80-80-80s-80 35.817-80 80z",
					"M304 512c0 44.183 35.817 80 80 80s80-35.817 80-80c0-44.183-35.817-80-80-80s-80 35.817-80 80z",
					"M560 512c0 44.183 35.817 80 80 80s80-35.817 80-80c0-44.183-35.817-80-80-80s-80 35.817-80 80z",
					"M304 768c0 44.183 35.817 80 80 80s80-35.817 80-80c0-44.183-35.817-80-80-80s-80 35.817-80 80zM307.2 768c0-0 0-0 0-0 0-42.415 34.385-76.8 76.8-76.8s76.8 34.385 76.8 76.8c0 0 0 0 0 0-0 42.415-34.385 76.8-76.8 76.8s-76.8-34.385-76.8-76.8c0-0 0-0 0-0z",
					"M560 768c0 44.183 35.817 80 80 80s80-35.817 80-80c0-44.183-35.817-80-80-80s-80 35.817-80 80z"
				],
				"attrs": [
					{},
					{},
					{},
					{},
					{},
					{}
				],
				"isMulticolor": false,
				"grid": 0,
				"tags": [
					"braille_w"
				]
			},
			"attrs": [
				{},
				{},
				{},
				{},
				{},
				{}
			],
			"properties": {
				"order": 27,
				"id": 3,
				"prevSize": 32,
				"code": 119,
				"name": "braille_w"
			},
			"setIdx": 5,
			"iconIdx": 22
		},
		{
			"icon": {
				"paths": [
					"M304 256c0 44.183 35.817 80 80 80s80-35.817 80-80c0-44.183-35.817-80-80-80s-80 35.817-80 80z",
					"M560 256c0 44.183 35.817 80 80 80s80-35.817 80-80c0-44.183-35.817-80-80-80s-80 35.817-80 80z",
					"M304 512c0 44.183 35.817 80 80 80s80-35.817 80-80c0-44.183-35.817-80-80-80s-80 35.817-80 80zM307.2 512c0-0 0-0 0-0 0-42.415 34.385-76.8 76.8-76.8s76.8 34.385 76.8 76.8c0 0 0 0 0 0-0 42.415-34.385 76.8-76.8 76.8s-76.8-34.385-76.8-76.8c0-0 0-0 0-0z",
					"M560 512c0 44.183 35.817 80 80 80s80-35.817 80-80c0-44.183-35.817-80-80-80s-80 35.817-80 80zM563.2 512c0-42.415 34.385-76.8 76.8-76.8s76.8 34.385 76.8 76.8c0 0 0 0 0 0 0 42.415-34.385 76.8-76.8 76.8s-76.8-34.385-76.8-76.8c0-0 0-0 0-0z",
					"M304 768c0 44.183 35.817 80 80 80s80-35.817 80-80c0-44.183-35.817-80-80-80s-80 35.817-80 80z",
					"M560 768c0 44.183 35.817 80 80 80s80-35.817 80-80c0-44.183-35.817-80-80-80s-80 35.817-80 80z"
				],
				"attrs": [
					{},
					{},
					{},
					{},
					{},
					{}
				],
				"isMulticolor": false,
				"grid": 0,
				"tags": [
					"braille_x"
				]
			},
			"attrs": [
				{},
				{},
				{},
				{},
				{},
				{}
			],
			"properties": {
				"order": 28,
				"id": 2,
				"prevSize": 32,
				"code": 120,
				"name": "braille_x"
			},
			"setIdx": 5,
			"iconIdx": 23
		},
		{
			"icon": {
				"paths": [
					"M304 256c0 44.183 35.817 80 80 80s80-35.817 80-80c0-44.183-35.817-80-80-80s-80 35.817-80 80z",
					"M560 256c0 44.183 35.817 80 80 80s80-35.817 80-80c0-44.183-35.817-80-80-80s-80 35.817-80 80z",
					"M304 512c0 44.183 35.817 80 80 80s80-35.817 80-80c0-44.183-35.817-80-80-80s-80 35.817-80 80zM307.2 512c0-0 0-0 0-0 0-42.415 34.385-76.8 76.8-76.8s76.8 34.385 76.8 76.8c0 0 0 0 0 0-0 42.415-34.385 76.8-76.8 76.8s-76.8-34.385-76.8-76.8c0-0 0-0 0-0z",
					"M560 512c0 44.183 35.817 80 80 80s80-35.817 80-80c0-44.183-35.817-80-80-80s-80 35.817-80 80z",
					"M304 768c0 44.183 35.817 80 80 80s80-35.817 80-80c0-44.183-35.817-80-80-80s-80 35.817-80 80z",
					"M560 768c0 44.183 35.817 80 80 80s80-35.817 80-80c0-44.183-35.817-80-80-80s-80 35.817-80 80z"
				],
				"attrs": [
					{},
					{},
					{},
					{},
					{},
					{}
				],
				"isMulticolor": false,
				"grid": 0,
				"tags": [
					"braille_y"
				]
			},
			"attrs": [
				{},
				{},
				{},
				{},
				{},
				{}
			],
			"properties": {
				"order": 29,
				"id": 1,
				"prevSize": 32,
				"code": 121,
				"name": "braille_y"
			},
			"setIdx": 5,
			"iconIdx": 24
		},
		{
			"icon": {
				"paths": [
					"M304 256c0 44.183 35.817 80 80 80s80-35.817 80-80c0-44.183-35.817-80-80-80s-80 35.817-80 80z",
					"M560 256c0 44.183 35.817 80 80 80s80-35.817 80-80c0-44.183-35.817-80-80-80s-80 35.817-80 80zM563.2 256c0-42.415 34.385-76.8 76.8-76.8s76.8 34.385 76.8 76.8c0 0 0 0 0 0 0 42.415-34.385 76.8-76.8 76.8s-76.8-34.385-76.8-76.8c0-0 0-0 0-0z",
					"M304 512c0 44.183 35.817 80 80 80s80-35.817 80-80c0-44.183-35.817-80-80-80s-80 35.817-80 80zM307.2 512c0-0 0-0 0-0 0-42.415 34.385-76.8 76.8-76.8s76.8 34.385 76.8 76.8c0 0 0 0 0 0-0 42.415-34.385 76.8-76.8 76.8s-76.8-34.385-76.8-76.8c0-0 0-0 0-0z",
					"M560 512c0 44.183 35.817 80 80 80s80-35.817 80-80c0-44.183-35.817-80-80-80s-80 35.817-80 80z",
					"M304 768c0 44.183 35.817 80 80 80s80-35.817 80-80c0-44.183-35.817-80-80-80s-80 35.817-80 80z",
					"M560 768c0 44.183 35.817 80 80 80s80-35.817 80-80c0-44.183-35.817-80-80-80s-80 35.817-80 80z"
				],
				"attrs": [
					{},
					{},
					{},
					{},
					{},
					{}
				],
				"isMulticolor": false,
				"grid": 0,
				"tags": [
					"braille_z"
				]
			},
			"attrs": [
				{},
				{},
				{},
				{},
				{},
				{}
			],
			"properties": {
				"order": 30,
				"id": 0,
				"prevSize": 32,
				"code": 122,
				"name": "braille_z"
			},
			"setIdx": 5,
			"iconIdx": 25
		}
	],
	"height": 1024,
	"metadata": {
		"name": "common-codes"
	},
	"preferences": {
		"fontPref": {
			"prefix": "i-",
			"metadata": {
				"fontFamily": "common-codes",
				"majorVersion": 1,
				"minorVersion": 0
			},
			"showGlyphs": true,
			"metrics": {
				"emSize": 512,
				"baseline": 6.25,
				"whitespace": 50
			},
			"resetPoint": 58880,
			"showQuickUse": true,
			"quickUsageToken": false,
			"showMetrics": true,
			"showMetadata": true,
			"autoHost": true,
			"embed": true,
			"ie7": true,
			"showSelector": true,
			"selector": "i"
		},
		"imagePref": {
			"color": 0,
			"height": 32,
			"columns": 16,
			"margin": 16,
			"png": false,
			"sprites": true
		},
		"historySize": 100,
		"showCodes": true,
		"gridSize": 16,
		"showLiga": false,
		"showGrid": false,
		"showGlyphs": true,
		"showQuickUse": true,
		"search": "",
		"showQuickUse2": true,
		"showSVGs": true,
		"quickUsageToken": {
			"UntitledProject1": "ODBmZmNhODFlOGZkNGFhNmJmM2I0ODNjMDA2YmIyOTYjMSMxNDIxNzkxNTY2IyMj"
		}
	}
}